Interesting,Interesting
Superiority,Superiority
Explanation,Explanation
Stationery,Stationery
Embarrassing,Embarrassing
Receive,Receive
Disappointed,Disappointed
Perspiration,Perspiration
Conscious,Conscious
Occasion,Occasion
Surprise,Surprise
Inconvenience,Inconvenience
Straighten,Straighten
Evolve,Evolve
Stationary,Stationary
Definitely,Definitely
Privilege,Privilege
Curiosity,Curiosity
Perceive,Perceive
Colleague,Colleague
Entrepreneur,Entrepreneur
Diarrhoea,Diarrhoea
Achievement,Achievement
Annihilation,Annihilation
Deliberate,Deliberate
Argument,Argument
Continuous,Continuous
Business,Business
Conqueror,Conqueror
Competitor,Competitor
Thief,Thief
Independent,Independent
Representative,Representative
Influence,Influence
Regional,Regional
Mysterious,Mysterious
Pronunciation,Pronunciation
Opportunity,Opportunity
Phenomenon,Phenomenon
Originate,Originate
Vulnerability,Vulnerability
Accommodate,Accommodate
Familiar,Familiar
Immediately,Immediately
Startle,Startle
Advertisement,Advertisement
Enthusiastic,Enthusiastic
Invasion,Invasion
Correspondent,Correspondent
Similar,Similar
Amateur,Amateur
Manoeuvre,Manoeuvre
Conscientious,Conscientious
Settlement,Settlement
Assistance,Assistance
Obsolete,Obsolete
Committee,Committee
Preferred,Preferred
Bureau,Bureau
Occurred,Occurred
Exaggerate,Exaggerate
Abundant,Abundant
Emphasise,Emphasise
Annual,Annual
Efficiency,Efficiency
Commemorate,Commemorate
Dilapidated,Dilapidated
Communication,Communication
Deteriorate,Deteriorate
Compulsory,Compulsory
Unanimous,Unanimous
Excruciating,Excruciating
Souvenir,Souvenir
Hierarchy,Hierarchy
Scrutinise,Scrutinise
Kindergarten,Kindergarten
Psychology,Psychology
Minuscule,Minuscule
Official,Official
Nostalgia,Nostalgia
Bizarre,Bizarre
Perseverance,Perseverance
Charisma,Charisma
Perspective,Perspective
Motive,Motive
Thorough,Thorough
Motif,Motif
Sorcery,Sorcery
Concoct,Concoct
Plague,Plague
Description,Description
Plaque,Plaque
Misshapen,Misshapen
Sincerely,Sincerely
Mischievously,Mischievously
Repentant,Repentant
Emaciated,Emaciated
Possessive,Possessive
Idyll,Idyll
Reliant,Reliant
Apparition,Apparition
Infuriate,Infuriate
Aggravate,Aggravate
Maintenance,Maintenance
Horrendous,Horrendous
Succession,Succession
Improvise,Improvise
Supernatural,Supernatural
Conceited,Conceited
Malady,Malady
Decrepit,Decrepit
Reign,Reign
Grotesque,Grotesque
Stereotype,Stereotype
Gullible,Gullible
Succeed,Succeed
Dilemma,Dilemma
Sarcastic,Sarcastic
Eradicate,Eradicate
Stealthily,Stealthily
Abandon,Abandon
Pessimistic,Pessimistic
Antagonist,Antagonist
Incorrigible,Incorrigible
Cauldron,Cauldron
Hurriedly,Hurriedly
Clairvoyant,Clairvoyant
Heroic,Heroic
Disappearance,Disappearance
Hallucination,Hallucination
Protagonist,Protagonist
Versatile,Versatile
Recommended,Recommended
Systematic,Systematic
Repetition,Repetition
Subsequently,Subsequently
Retrieved,Retrieved
Stubbornness,Stubbornness
Simultaneously,Simultaneously
Skilful,Skilful
Adaptation,Adaptation
Berserk,Berserk
Complementary,Complementary
Complimentary,Complimentary
Criticise,Criticise
Disturbance,Disturbance
Fascination,Fascination
Grandeur,Grandeur
Inseparable,Inseparable
Instalment,Instalment
Intrusion,Intrusion
Melancholy,Melancholy
Obliged,Obliged
Omniscient,Omniscient
Professional,Professional
Satisfactorily,Satisfactorily
Refusal,Refusal
Reminisces,Reminisces
Ravenous,Ravenous
Sympathetic,Sympathetic